-- MySQL Administrator dump 1.4
--
-- ------------------------------------------------------
-- Server version	5.0.45-community-nt


/*!40101 SET @OLD_CHARACTER_SET_CLIENT=@@CHARACTER_SET_CLIENT */;
/*!40101 SET @OLD_CHARACTER_SET_RESULTS=@@CHARACTER_SET_RESULTS */;
/*!40101 SET @OLD_COLLATION_CONNECTION=@@COLLATION_CONNECTION */;
/*!40101 SET NAMES utf8 */;

/*!40014 SET @OLD_UNIQUE_CHECKS=@@UNIQUE_CHECKS, UNIQUE_CHECKS=0 */;
/*!40014 SET @OLD_FOREIGN_KEY_CHECKS=@@FOREIGN_KEY_CHECKS, FOREIGN_KEY_CHECKS=0 */;
/*!40101 SET @OLD_SQL_MODE=@@SQL_MODE, SQL_MODE='NO_AUTO_VALUE_ON_ZERO' */;


--
-- Create schema leoncio
--

CREATE DATABASE IF NOT EXISTS leoncio;
USE leoncio;

--
-- Definition of table `billing`
--

DROP TABLE IF EXISTS `billing`;
CREATE TABLE `billing` (
  `billingid` int(10) unsigned NOT NULL auto_increment,
  `userid` varchar(15) NOT NULL,
  `custid` int(10) unsigned NOT NULL,
  `date` datetime NOT NULL,
  `flag` varchar(6) NOT NULL,
  PRIMARY KEY  (`billingid`)
) ENGINE=InnoDB AUTO_INCREMENT=5 DEFAULT CHARSET=latin1;

--
-- Dumping data for table `billing`
--

/*!40000 ALTER TABLE `billing` DISABLE KEYS */;
INSERT INTO `billing` (`billingid`,`userid`,`custid`,`date`,`flag`) VALUES 
 (1,'U-2012-01',2,'2012-08-14 00:07:48','Unpaid'),
 (2,'U-2012-01',3,'2012-08-14 00:33:09','Unpaid'),
 (3,'U-2012-01',2,'2012-09-15 00:26:27','Unpaid'),
 (4,'U-2012-01',2,'2012-09-15 00:26:37','Unpaid');
/*!40000 ALTER TABLE `billing` ENABLE KEYS */;


--
-- Definition of table `cust`
--

DROP TABLE IF EXISTS `cust`;
CREATE TABLE `cust` (
  `custid` int(10) unsigned NOT NULL auto_increment,
  `fname` varchar(20) NOT NULL,
  `lname` varchar(20) NOT NULL,
  `comname` varchar(50) NOT NULL,
  `connum` varchar(45) NOT NULL,
  `address` varchar(80) NOT NULL,
  PRIMARY KEY  (`custid`)
) ENGINE=InnoDB AUTO_INCREMENT=4 DEFAULT CHARSET=latin1;

--
-- Dumping data for table `cust`
--

/*!40000 ALTER TABLE `cust` DISABLE KEYS */;
INSERT INTO `cust` (`custid`,`fname`,`lname`,`comname`,`connum`,`address`) VALUES 
 (1,'','','','None',''),
 (2,'Jojo','Melendres','None','None','Salvacion'),
 (3,'Audrey','Tanogan','None','09263830158','Saraza, Brooke\'s Point Palawan');
/*!40000 ALTER TABLE `cust` ENABLE KEYS */;


--
-- Definition of table `invent`
--

DROP TABLE IF EXISTS `invent`;
CREATE TABLE `invent` (
  `inventid` int(10) unsigned NOT NULL auto_increment,
  `userid` varchar(15) NOT NULL,
  `custid` int(10) unsigned NOT NULL,
  `prodid` int(10) unsigned NOT NULL,
  `date` datetime NOT NULL,
  `remqty` int(10) unsigned NOT NULL,
  `qtyrec` int(10) unsigned NOT NULL,
  `qtydel` int(10) unsigned NOT NULL,
  `newqty` int(10) unsigned NOT NULL,
  PRIMARY KEY  (`inventid`)
) ENGINE=InnoDB AUTO_INCREMENT=25 DEFAULT CHARSET=latin1;

--
-- Dumping data for table `invent`
--

/*!40000 ALTER TABLE `invent` DISABLE KEYS */;
INSERT INTO `invent` (`inventid`,`userid`,`custid`,`prodid`,`date`,`remqty`,`qtyrec`,`qtydel`,`newqty`) VALUES 
 (1,'U-2012-01',1,1,'2012-08-09 05:11:00',0,20,0,20),
 (2,'U-2012-01',1,2,'2012-08-09 05:13:19',0,30,0,30),
 (3,'U-2012-01',1,3,'2012-08-09 07:59:04',0,40,0,40),
 (4,'U-2012-01',1,4,'2012-08-09 08:16:49',0,50,0,50),
 (5,'U-2012-01',1,1,'2012-08-09 15:53:34',20,5,0,25),
 (6,'U-2012-01',1,5,'2012-08-10 01:16:09',0,30,0,30),
 (7,'U-2012-01',1,2,'2012-08-10 01:18:20',30,40,0,70),
 (8,'U-2012-01',1,1,'2012-08-10 17:42:18',25,10,0,35),
 (9,'U-2012-01',2,2,'2012-08-14 00:07:48',70,0,3,67),
 (10,'U-2012-01',3,2,'2012-08-14 00:33:09',67,0,10,57),
 (11,'U-2012-01',2,2,'2012-08-14 02:07:42',57,3,0,60),
 (12,'U-2012-01',3,2,'2012-08-14 02:08:12',57,10,0,67),
 (13,'U-2012-01',1,5,'2012-09-14 23:23:26',30,15,0,45),
 (14,'U-2012-01',1,5,'2012-09-14 23:28:44',45,10,0,55),
 (15,'U-2012-01',2,1,'2012-09-15 00:26:28',35,0,5,30),
 (16,'U-2012-01',2,1,'2012-09-15 00:26:30',30,5,0,35),
 (17,'U-2012-01',2,1,'2012-09-15 00:26:37',35,0,5,30),
 (18,'U-2012-01',2,1,'2012-09-15 00:26:50',30,0,1,29);
INSERT INTO `invent` (`inventid`,`userid`,`custid`,`prodid`,`date`,`remqty`,`qtyrec`,`qtydel`,`newqty`) VALUES 
 (19,'U-2012-01',2,1,'2012-09-15 00:27:19',29,1,0,30),
 (20,'U-2012-01',1,1,'2012-09-15 00:48:13',30,30,0,60),
 (21,'U-2012-01',2,3,'2012-09-15 00:48:46',40,0,10,30),
 (22,'U-2012-01',2,4,'2012-09-15 00:49:00',50,0,10,40),
 (23,'U-2012-01',2,5,'2012-09-15 01:30:14',55,0,1,54),
 (24,'U-2012-01',2,5,'2012-09-15 01:30:36',54,1,0,55);
/*!40000 ALTER TABLE `invent` ENABLE KEYS */;


--
-- Definition of table `loghis`
--

DROP TABLE IF EXISTS `loghis`;
CREATE TABLE `loghis` (
  `logid` varchar(10) NOT NULL,
  `userid` varchar(45) NOT NULL,
  `login` datetime NOT NULL,
  `logout` datetime default NULL,
  PRIMARY KEY  (`logid`)
) ENGINE=InnoDB DEFAULT CHARSET=latin1;

--
-- Dumping data for table `loghis`
--

/*!40000 ALTER TABLE `loghis` DISABLE KEYS */;
INSERT INTO `loghis` (`logid`,`userid`,`login`,`logout`) VALUES 
 ('2012-00001','U-2012-01','2012-07-10 01:38:45','2012-07-10 01:39:01'),
 ('2012-00002','U-2012-01','2012-07-29 00:36:59','2012-07-29 00:44:50'),
 ('2012-00003','U-2012-01','2012-07-29 00:45:23','2012-07-29 00:46:26'),
 ('2012-00004','U-2012-01','2012-07-29 00:47:36','2012-07-29 00:48:23'),
 ('2012-00005','U-2012-01','2012-08-07 07:10:30','2012-08-07 07:10:38'),
 ('2012-00006','U-2012-01','2012-08-07 07:10:42','2012-08-07 07:11:01'),
 ('2012-00007','U-2012-01','2012-08-07 07:12:22','2012-08-07 07:13:00'),
 ('2012-00008','U-2012-01','2012-08-07 07:13:06','2012-08-07 07:15:03'),
 ('2012-00009','U-2012-01','2012-08-07 07:18:12','2012-08-07 07:20:52'),
 ('2012-00010','U-2012-01','2012-08-07 07:26:43','2012-08-07 07:52:49'),
 ('2012-00011','U-2012-01','2012-08-07 08:18:43','2012-08-07 08:19:21'),
 ('2012-00012','U-2012-01','2012-08-07 08:19:23','2012-08-07 08:20:39'),
 ('2012-00013','U-2012-01','2012-08-07 08:20:40','2012-08-07 08:20:59'),
 ('2012-00014','U-2012-01','2012-08-07 08:21:58','2012-08-07 08:22:52');
INSERT INTO `loghis` (`logid`,`userid`,`login`,`logout`) VALUES 
 ('2012-00015','U-2012-01','2012-08-07 08:22:53','2012-08-07 08:23:22'),
 ('2012-00016','U-2012-01','2012-08-07 08:25:13','2012-08-07 08:25:35'),
 ('2012-00017','U-2012-01','2012-08-07 08:25:36','2012-08-07 08:27:06'),
 ('2012-00018','U-2012-01','2012-08-07 08:27:09','2012-08-07 08:27:19'),
 ('2012-00019','U-2012-01','2012-08-07 08:39:25','2012-08-07 08:41:04'),
 ('2012-00020','U-2012-01','2012-08-07 08:41:06','2012-08-07 08:43:48'),
 ('2012-00021','U-2012-01','2012-08-07 08:43:48','2012-08-09 03:35:15'),
 ('2012-00022','U-2012-01','2012-08-09 03:35:17','2012-08-09 03:43:41'),
 ('2012-00023','U-2012-01','2012-08-09 03:43:43','2012-08-09 04:06:36'),
 ('2012-00024','U-2012-01','2012-08-09 04:06:37','2012-08-09 04:17:00'),
 ('2012-00025','U-2012-01','2012-08-09 04:17:01','2012-08-09 04:19:24'),
 ('2012-00026','U-2012-01','2012-08-09 04:19:26','2012-08-09 04:19:42'),
 ('2012-00027','U-2012-01','2012-08-09 04:21:46','2012-08-09 04:21:55'),
 ('2012-00028','U-2012-01','2012-08-09 04:22:20','2012-08-09 04:22:26');
INSERT INTO `loghis` (`logid`,`userid`,`login`,`logout`) VALUES 
 ('2012-00029','U-2012-01','2012-08-09 04:22:30','2012-08-09 04:22:33'),
 ('2012-00030','U-2012-01','2012-08-09 04:30:32','2012-08-09 04:30:39'),
 ('2012-00031','U-2012-01','2012-08-09 05:09:43','2012-08-09 07:47:11'),
 ('2012-00032','U-2012-01','2012-08-09 07:48:01','2012-08-09 07:51:15'),
 ('2012-00033','U-2012-01','2012-08-09 07:51:18','2012-08-09 08:04:05'),
 ('2012-00034','U-2012-01','2012-08-09 08:04:08','2012-08-09 08:05:04'),
 ('2012-00035','U-2012-01','2012-08-09 08:05:06','2012-08-09 08:05:50'),
 ('2012-00036','U-2012-01','2012-08-09 08:05:52','2012-08-09 08:08:43'),
 ('2012-00037','U-2012-01','2012-08-09 08:08:45','2012-08-09 08:10:56'),
 ('2012-00038','U-2012-01','2012-08-09 08:10:59','2012-08-09 08:13:40'),
 ('2012-00039','U-2012-01','2012-08-09 08:13:42','2012-08-09 08:25:36'),
 ('2012-00040','U-2012-01','2012-08-09 08:25:38','2012-08-09 12:18:50'),
 ('2012-00041','U-2012-01','2012-08-09 12:18:52','2012-08-09 12:20:16'),
 ('2012-00042','U-2012-01','2012-08-09 12:20:18','2012-08-09 12:29:30');
INSERT INTO `loghis` (`logid`,`userid`,`login`,`logout`) VALUES 
 ('2012-00043','U-2012-01','2012-08-09 12:29:45','2012-08-09 12:32:00'),
 ('2012-00044','U-2012-01','2012-08-09 12:37:50','2012-08-09 12:41:24'),
 ('2012-00045','U-2012-01','2012-08-09 12:41:26','2012-08-09 12:42:35'),
 ('2012-00046','U-2012-01','2012-08-09 12:42:38','2012-08-09 12:44:56'),
 ('2012-00047','U-2012-01','2012-08-09 13:53:58','2012-08-09 13:55:42'),
 ('2012-00048','U-2012-01','2012-08-09 13:55:44','2012-08-09 13:57:06'),
 ('2012-00049','U-2012-01','2012-08-09 13:57:08','2012-08-09 13:58:00'),
 ('2012-00050','U-2012-01','2012-08-09 13:58:02','2012-08-09 14:02:18'),
 ('2012-00051','U-2012-01','2012-08-09 14:02:38','2012-08-09 14:05:17'),
 ('2012-00052','U-2012-01','2012-08-09 14:05:39','2012-08-09 14:06:18'),
 ('2012-00053','U-2012-01','2012-08-09 14:06:21','2012-08-09 15:47:40'),
 ('2012-00054','U-2012-01','2012-08-09 15:50:44','2012-08-09 15:52:54'),
 ('2012-00055','U-2012-01','2012-08-09 15:52:56','2012-08-09 15:56:32'),
 ('2012-00056','U-2012-01','2012-08-09 15:56:55','2012-08-09 15:57:38');
INSERT INTO `loghis` (`logid`,`userid`,`login`,`logout`) VALUES 
 ('2012-00057','U-2012-01','2012-08-09 19:28:05','2012-08-09 19:37:03'),
 ('2012-00058','U-2012-01','2012-08-09 19:37:55','2012-08-09 19:41:37'),
 ('2012-00059','U-2012-01','2012-08-09 19:41:42','2012-08-09 19:41:49'),
 ('2012-00060','U-2012-01','2012-08-10 01:13:27','2012-08-10 01:18:49'),
 ('2012-00061','U-2012-01','2012-08-10 01:18:58','2012-08-10 01:19:18'),
 ('2012-00062','U-2012-01','2012-08-10 01:19:52','2012-08-10 01:19:57'),
 ('2012-00063','U-2012-01','2012-08-10 17:41:40','2012-08-10 18:04:16'),
 ('2012-00064','U-2012-01','2012-08-11 01:23:51','2012-08-11 01:23:57'),
 ('2012-00065','U-2012-01','2012-08-11 01:54:44','2012-08-11 01:56:34'),
 ('2012-00066','U-2012-01','2012-08-11 01:56:35','2012-08-11 01:57:52'),
 ('2012-00067','U-2012-01','2012-08-11 01:57:53','2012-08-11 01:58:40'),
 ('2012-00068','U-2012-01','2012-08-11 01:58:42','2012-08-11 02:01:12'),
 ('2012-00069','U-2012-01','2012-08-11 02:01:13','2012-08-11 02:02:01'),
 ('2012-00070','U-2012-01','2012-08-11 02:02:25','2012-08-11 02:05:04');
INSERT INTO `loghis` (`logid`,`userid`,`login`,`logout`) VALUES 
 ('2012-00071','U-2012-01','2012-08-11 02:05:50','2012-08-12 07:24:18'),
 ('2012-00072','U-2012-01','2012-08-12 07:24:21','2012-08-13 15:36:44'),
 ('2012-00073','U-2012-01','2012-08-13 15:36:46','2012-08-13 15:37:17'),
 ('2012-00074','U-2012-01','2012-08-13 15:49:55','2012-08-13 15:53:02'),
 ('2012-00075','U-2012-01','2012-08-13 15:53:04','2012-08-13 15:53:28'),
 ('2012-00076','U-2012-01','2012-08-13 16:46:53','2012-08-13 16:51:56'),
 ('2012-00077','U-2012-01','2012-08-13 16:51:58','2012-08-13 17:03:32'),
 ('2012-00078','U-2012-01','2012-08-13 17:29:54','2012-08-13 17:30:39'),
 ('2012-00079','U-2012-01','2012-08-13 17:31:49','2012-08-13 17:32:23'),
 ('2012-00080','U-2012-01','2012-08-13 17:32:25','2012-08-13 18:06:20'),
 ('2012-00081','U-2012-01','2012-08-13 18:06:23','2012-08-13 18:19:39'),
 ('2012-00082','U-2012-01','2012-08-13 18:20:00','2012-08-13 18:20:19'),
 ('2012-00083','U-2012-01','2012-08-13 18:37:48','2012-08-13 18:39:41'),
 ('2012-00084','U-2012-01','2012-08-13 18:51:20','2012-08-13 19:32:02');
INSERT INTO `loghis` (`logid`,`userid`,`login`,`logout`) VALUES 
 ('2012-00085','U-2012-01','2012-08-13 22:34:47','2012-08-13 22:34:54'),
 ('2012-00086','U-2012-01','2012-08-13 23:07:59','2012-08-13 23:40:36'),
 ('2012-00087','U-2012-01','2012-08-13 23:40:47','2012-08-14 00:06:17'),
 ('2012-00088','U-2012-01','2012-08-14 00:06:18','2012-08-14 00:06:40'),
 ('2012-00089','U-2012-01','2012-08-14 00:06:58','2012-08-14 00:07:32'),
 ('2012-00090','U-2012-01','2012-08-14 00:07:34','2012-08-14 00:23:04'),
 ('2012-00091','U-2012-01','2012-08-14 00:25:21','2012-08-14 00:27:28'),
 ('2012-00092','U-2012-01','2012-08-14 00:27:29','2012-08-14 00:29:06'),
 ('2012-00093','U-2012-01','2012-08-14 00:29:08','2012-08-14 01:08:18'),
 ('2012-00094','U-2012-01','2012-08-14 01:08:22','2012-08-14 01:57:20'),
 ('2012-00095','U-2012-01','2012-08-14 01:57:27','2012-08-14 02:02:43'),
 ('2012-00096','U-2012-01','2012-08-14 02:02:45','2012-08-14 02:04:16'),
 ('2012-00097','U-2012-01','2012-08-14 02:04:27','2012-08-14 02:04:49'),
 ('2012-00098','U-2012-01','2012-08-14 02:04:51','2012-08-14 02:06:16');
INSERT INTO `loghis` (`logid`,`userid`,`login`,`logout`) VALUES 
 ('2012-00099','U-2012-01','2012-08-14 02:06:24','2012-08-14 02:06:50'),
 ('2012-00100','U-2012-01','2012-08-14 02:06:51','2012-08-14 02:07:16'),
 ('2012-00101','U-2012-01','2012-08-14 02:07:18','2012-09-14 23:07:44'),
 ('2012-00102','U-2012-01','2012-09-14 23:09:32','2012-09-14 23:10:58'),
 ('2012-00103','U-2012-01','2012-09-14 23:11:01','2012-09-14 23:21:43'),
 ('2012-00104','U-2012-01','2012-09-14 23:21:45','2012-09-14 23:23:36'),
 ('2012-00105','U-2012-01','2012-09-14 23:28:34','2012-09-14 23:29:30'),
 ('2012-00106','U-2012-01','2012-09-14 23:29:32','2012-09-14 23:30:33'),
 ('2012-00107','U-2012-01','2012-09-14 23:30:35','2012-09-14 23:32:25'),
 ('2012-00108','U-2012-01','2012-09-14 23:32:27','2012-09-15 00:20:30'),
 ('2012-00109','U-2012-01','2012-09-15 00:20:31','2012-09-15 00:21:32'),
 ('2012-00110','U-2012-01','2012-09-15 00:21:33','2012-09-15 00:23:47'),
 ('2012-00111','U-2012-01','2012-09-15 00:23:48','2012-09-15 00:25:30'),
 ('2012-00112','U-2012-01','2012-09-15 00:25:31','2012-09-15 00:26:16');
INSERT INTO `loghis` (`logid`,`userid`,`login`,`logout`) VALUES 
 ('2012-00113','U-2012-01','2012-09-15 00:26:18','2012-09-15 00:27:01'),
 ('2012-00114','U-2012-01','2012-09-15 00:27:02','2012-09-15 00:27:27'),
 ('2012-00115','U-2012-01','2012-09-15 00:28:24','2012-09-15 00:44:13'),
 ('2012-00116','U-2012-01','2012-09-15 00:44:15','2012-09-15 00:47:58'),
 ('2012-00117','U-2012-01','2012-09-15 00:47:59','2012-09-15 01:16:32'),
 ('2012-00118','U-2012-01','2012-09-15 01:16:44','2012-09-15 01:28:13'),
 ('2012-00119','U-2012-01','2012-09-15 01:29:18','2012-09-15 01:31:06');
/*!40000 ALTER TABLE `loghis` ENABLE KEYS */;


--
-- Definition of table `payment`
--

DROP TABLE IF EXISTS `payment`;
CREATE TABLE `payment` (
  `paymentid` int(10) unsigned NOT NULL auto_increment,
  `billingid` int(10) unsigned NOT NULL,
  `amount` double NOT NULL,
  `cash` double NOT NULL,
  `balance` double NOT NULL,
  `change` double NOT NULL,
  `date` datetime NOT NULL,
  PRIMARY KEY  (`paymentid`)
) ENGINE=InnoDB DEFAULT CHARSET=latin1;

--
-- Dumping data for table `payment`
--

/*!40000 ALTER TABLE `payment` DISABLE KEYS */;
/*!40000 ALTER TABLE `payment` ENABLE KEYS */;


--
-- Definition of table `product`
--

DROP TABLE IF EXISTS `product`;
CREATE TABLE `product` (
  `prodid` int(10) unsigned NOT NULL auto_increment,
  `name` varchar(45) NOT NULL,
  `brand` varchar(45) NOT NULL,
  `unit` varchar(45) NOT NULL,
  `price` double NOT NULL,
  `qty` int(10) unsigned NOT NULL,
  `lowitem` int(10) unsigned NOT NULL,
  PRIMARY KEY  USING BTREE (`prodid`)
) ENGINE=InnoDB AUTO_INCREMENT=6 DEFAULT CHARSET=latin1;

--
-- Dumping data for table `product`
--

/*!40000 ALTER TABLE `product` DISABLE KEYS */;
INSERT INTO `product` (`prodid`,`name`,`brand`,`unit`,`price`,`qty`,`lowitem`) VALUES 
 (1,'Grande','San Miguel','Case (6)',330,60,30),
 (2,'In Can','San Miguel','Case (24)',350,57,40),
 (3,'320 ml','San Miguel','Case (24)',330,30,20),
 (4,'In Can','Cali','Case (24)',330,40,20),
 (5,'1 Liter','Red Horse','Case (6)',300,55,50);
/*!40000 ALTER TABLE `product` ENABLE KEYS */;


--
-- Definition of table `sub`
--

DROP TABLE IF EXISTS `sub`;
CREATE TABLE `sub` (
  `subid` int(10) unsigned NOT NULL auto_increment,
  `billingid` int(10) unsigned NOT NULL,
  `prodid` int(10) unsigned NOT NULL,
  `qty` int(10) unsigned NOT NULL,
  `price` double NOT NULL,
  `amount` double NOT NULL,
  PRIMARY KEY  (`subid`)
) ENGINE=InnoDB AUTO_INCREMENT=6 DEFAULT CHARSET=latin1;

--
-- Dumping data for table `sub`
--

/*!40000 ALTER TABLE `sub` DISABLE KEYS */;
INSERT INTO `sub` (`subid`,`billingid`,`prodid`,`qty`,`price`,`amount`) VALUES 
 (2,1,1,5,330,1650),
 (4,1,3,10,330,3300),
 (5,1,4,10,330,3300);
/*!40000 ALTER TABLE `sub` ENABLE KEYS */;


--
-- Definition of table `user`
--

DROP TABLE IF EXISTS `user`;
CREATE TABLE `user` (
  `userid` varchar(9) NOT NULL default '',
  `uname` varchar(20) default NULL,
  `pwd` varchar(32) default NULL,
  `fname` varchar(30) default NULL,
  `lname` varchar(20) default NULL,
  `ustatus` varchar(8) default NULL,
  `utype` varchar(5) default NULL,
  `sq` varchar(60) default NULL,
  `sa` varchar(20) default NULL,
  `regdate` date default NULL,
  PRIMARY KEY  (`userid`)
) ENGINE=InnoDB DEFAULT CHARSET=utf8;

--
-- Dumping data for table `user`
--

/*!40000 ALTER TABLE `user` DISABLE KEYS */;
INSERT INTO `user` (`userid`,`uname`,`pwd`,`fname`,`lname`,`ustatus`,`utype`,`sq`,`sa`,`regdate`) VALUES 
 ('U-2012-01','Leoncio','Leoncio','Sacred','Heart','Active','Admin','When is your spiritual birth?','2003-05-26','2012-07-01'),
 ('U-2012-02','Irenete','Lanzarote','Irene','Lanzarote','Active','Staff','What is your favorite hobby?','Reading','2012-07-03'),
 ('U-2012-03','LeahRes','Delosyes','Leah','Delos Reyes','Active','Staff','What is your favorite food?','Ice Cream','2012-07-03');
/*!40000 ALTER TABLE `user` ENABLE KEYS */;




/*!40101 SET SQL_MODE=@OLD_SQL_MODE */;
/*!40014 SET FOREIGN_KEY_CHECKS=@OLD_FOREIGN_KEY_CHECKS */;
/*!40014 SET UNIQUE_CHECKS=@OLD_UNIQUE_CHECKS */;
/*!40101 SET CHARACTER_SET_CLIENT=@OLD_CHARACTER_SET_CLIENT */;
/*!40101 SET CHARACTER_SET_RESULTS=@OLD_CHARACTER_SET_RESULTS */;
/*!40101 SET COLLATION_CONNECTION=@OLD_COLLATION_CONNECTION */;
/*!40101 SET CHARACTER_SET_CLIENT=@OLD_CHARACTER_SET_CLIENT */;
